{"stats":{"minecraft:dropped":{"minecraft:iron_block":1,"minecraft:dark_oak_slab":1},"minecraft:used":{"minecraft:glass":49,"minecraft:dark_oak_stairs":203,"minecraft:dark_oak_planks":225,"minecraft:flower_pot":14,"minecraft:dirt":6,"minecraft:sand":12,"minecraft:dark_oak_fence":75,"minecraft:quartz_slab":4,"minecraft:grass_block":338,"minecraft:iron_block":25,"minecraft:stone_shovel":54,"securitycraft:reinforced_magenta_stained_glass":2,"securitycraft:reinforced_purple_stained_glass":55,"minecraft:dark_oak_slab":193,"minecraft:smooth_quartz":8,"minecraft:bone_meal":29,"minecraft:spruce_log":57,"minecraft:beacon":7,"minecraft:wooden_shovel":22},"minecraft:custom":{"minecraft:time_since_rest":795,"minecraft:play_one_minute":83495,"minecraft:crouch_one_cm":1558,"minecraft:sprint_one_cm":28872,"minecraft:deaths":1,"minecraft:walk_one_cm":169840,"minecraft:sneak_time":1615,"minecraft:walk_under_water_one_cm":3497,"minecraft:drop":2,"minecraft:jump":331,"minecraft:damage_dealt":20,"minecraft:leave_game":1,"minecraft:time_since_death":759,"minecraft:walk_on_water_one_cm":15109,"minecraft:interact_with_beacon":6,"minecraft:swim_one_cm":42,"minecraft:fly_one_cm":303027},"minecraft:picked_up":{"minecraft:dark_oak_slab":3,"minecraft:stone_shovel":1,"minecraft:diamond":1,"minecraft:iron_ingot":2,"minecraft:iron_block":1,"minecraft:written_book":1,"minecraft:dirt":1}},"DataVersion":2586}