{"stats":{"minecraft:dropped":{"minecraft:iron_block":1},"minecraft:used":{"minecraft:dark_oak_stairs":36,"minecraft:dark_oak_planks":182,"minecraft:dirt":6,"minecraft:sand":12,"minecraft:quartz_slab":4,"minecraft:grass_block":7,"minecraft:iron_block":25,"minecraft:stone_shovel":54,"securitycraft:reinforced_magenta_stained_glass":2,"securitycraft:reinforced_purple_stained_glass":1,"minecraft:dark_oak_slab":129,"minecraft:smooth_quartz":8,"minecraft:spruce_log":24,"minecraft:beacon":6,"minecraft:wooden_shovel":22},"minecraft:custom":{"minecraft:time_since_rest":29419,"minecraft:play_one_minute":29419,"minecraft:crouch_one_cm":936,"minecraft:sprint_one_cm":6093,"minecraft:walk_one_cm":48906,"minecraft:sneak_time":811,"minecraft:walk_under_water_one_cm":1037,"minecraft:drop":1,"minecraft:jump":91,"minecraft:time_since_death":29419,"minecraft:walk_on_water_one_cm":1476,"minecraft:interact_with_beacon":5,"minecraft:fly_one_cm":187568},"minecraft:picked_up":{"minecraft:iron_ingot":1,"minecraft:iron_block":1}},"DataVersion":2586}