{"stats":{"minecraft:dropped":{"minecraft:wooden_axe":2},"minecraft:picked_up":{"minecraft:wheat_seeds":3,"minecraft:cod":1,"minecraft:wooden_axe":2},"minecraft:custom":{"minecraft:jump":29,"minecraft:time_since_rest":10454,"minecraft:crouch_one_cm":175,"minecraft:play_one_minute":10454,"minecraft:walk_on_water_one_cm":607,"minecraft:leave_game":1,"minecraft:sprint_one_cm":2238,"minecraft:damage_taken":80,"minecraft:time_since_death":10454,"minecraft:walk_one_cm":1858,"minecraft:sneak_time":284,"minecraft:walk_under_water_one_cm":4479,"minecraft:drop":2,"minecraft:fly_one_cm":119572}},"DataVersion":2586}