{"stats":{"minecraft:dropped":{"minecraft:iron_block":1,"minecraft:dark_oak_slab":1},"minecraft:used":{"minecraft:dark_oak_stairs":123,"minecraft:dark_oak_planks":182,"minecraft:dirt":6,"minecraft:sand":12,"minecraft:dark_oak_fence":75,"minecraft:quartz_slab":4,"minecraft:grass_block":10,"minecraft:iron_block":25,"minecraft:stone_shovel":54,"securitycraft:reinforced_magenta_stained_glass":2,"securitycraft:reinforced_purple_stained_glass":1,"minecraft:dark_oak_slab":193,"minecraft:smooth_quartz":8,"minecraft:spruce_log":40,"minecraft:beacon":6,"minecraft:wooden_shovel":22},"minecraft:custom":{"minecraft:time_since_rest":41419,"minecraft:play_one_minute":41419,"minecraft:crouch_one_cm":1405,"minecraft:sprint_one_cm":10713,"minecraft:walk_one_cm":91217,"minecraft:sneak_time":1122,"minecraft:walk_under_water_one_cm":1303,"minecraft:drop":2,"minecraft:jump":140,"minecraft:damage_dealt":20,"minecraft:time_since_death":41419,"minecraft:walk_on_water_one_cm":1505,"minecraft:interact_with_beacon":5,"minecraft:fly_one_cm":228481},"minecraft:picked_up":{"minecraft:dark_oak_slab":1,"minecraft:iron_ingot":1,"minecraft:iron_block":1}},"DataVersion":2586}