{"stats":{"minecraft:used":{"minecraft:peony":8,"minecraft:glass":73,"minecraft:dark_oak_planks":240,"minecraft:dark_oak_stairs":155,"minecraft:flower_pot":17,"minecraft:cobblestone_stairs":6,"minecraft:lantern":20,"minecraft:quartz_slab":15,"minecraft:iron_block":9,"minecraft:grass_block":43,"minecraft:polished_andesite":2,"minecraft:stone":5,"minecraft:dark_oak_slab":479,"minecraft:tropical_fish_spawn_egg":7,"minecraft:beacon":7,"minecraft:grass":13,"securitycraft:reinforced_pink_stained_glass":3,"minecraft:oak_leaves":119,"securitycraft:reinforced_white_stained_glass":1,"paraglider:goddess_statue":1,"minecraft:dirt":3,"minecraft:white_bed":1,"securitycraft:reinforced_purple_stained_glass":32,"minecraft:chain":11,"securitycraft:reinforced_glass":1,"minecraft:dark_oak_fence":107,"minecraft:twisting_vines":6,"minecraft:cobblestone_wall":4,"minecraft:jungle_slab":33,"minecraft:infested_cobblestone":1,"minecraft:dark_oak_fence_gate":6,"minecraft:spruce_log":32,"minecraft:bone_meal":189},"minecraft:picked_up":{"minecraft:wooden_axe":4,"minecraft:azure_bluet":1,"securitycraft:reinforced_purple_stained_glass":1,"minecraft:leather":4,"minecraft:beacon":1,"securitycraft:reinforced_pink_stained_glass":1,"minecraft:chain":1,"minecraft:dirt":10,"minecraft:dark_oak_planks":3,"minecraft:twisting_vines":2,"minecraft:rotten_flesh":7,"minecraft:wheat_seeds":3,"minecraft:red_sand":65,"minecraft:iron_ingot":1,"minecraft:poppy":1,"minecraft:written_book":1,"minecraft:oak_leaves":5,"minecraft:cobblestone":1},"minecraft:custom":{"minecraft:time_since_rest":28447,"minecraft:sprint_one_cm":90649,"minecraft:walk_one_cm":252304,"minecraft:drop":19,"minecraft:damage_dealt":20,"minecraft:interact_with_beacon":9,"minecraft:fly_one_cm":608002,"minecraft:crouch_one_cm":3967,"minecraft:play_one_minute":535462,"minecraft:deaths":5,"minecraft:sneak_time":4330,"minecraft:walk_under_water_one_cm":98,"minecraft:pot_flower":16,"minecraft:jump":474,"minecraft:leave_game":23,"minecraft:walk_on_water_one_cm":9710,"minecraft:time_since_death":28393,"minecraft:sleep_in_bed":1},"minecraft:dropped":{"securitycraft:reinforced_pink_stained_glass":1,"minecraft:twisting_vines":2,"minecraft:wooden_axe":4,"minecraft:chain":1,"minecraft:beacon":1,"minecraft:red_sand":1,"minecraft:dark_oak_planks":3,"minecraft:oak_leaves":5,"securitycraft:reinforced_purple_stained_glass":1}},"DataVersion":2586}