{"stats":{"minecraft:dropped":{"minecraft:iron_block":1,"minecraft:dark_oak_slab":1},"minecraft:used":{"minecraft:glass":49,"minecraft:dark_oak_stairs":179,"minecraft:dark_oak_planks":225,"minecraft:dirt":6,"minecraft:sand":12,"minecraft:dark_oak_fence":75,"minecraft:quartz_slab":4,"minecraft:grass_block":338,"minecraft:iron_block":25,"minecraft:stone_shovel":54,"securitycraft:reinforced_magenta_stained_glass":2,"securitycraft:reinforced_purple_stained_glass":55,"minecraft:dark_oak_slab":193,"minecraft:smooth_quartz":8,"minecraft:spruce_log":53,"minecraft:beacon":7,"minecraft:wooden_shovel":22},"minecraft:custom":{"minecraft:time_since_rest":77419,"minecraft:play_one_minute":77419,"minecraft:crouch_one_cm":1453,"minecraft:sprint_one_cm":25125,"minecraft:walk_one_cm":151053,"minecraft:sneak_time":1499,"minecraft:walk_under_water_one_cm":1577,"minecraft:drop":2,"minecraft:jump":295,"minecraft:damage_dealt":20,"minecraft:time_since_death":77419,"minecraft:walk_on_water_one_cm":14771,"minecraft:interact_with_beacon":6,"minecraft:swim_one_cm":42,"minecraft:fly_one_cm":287253},"minecraft:picked_up":{"minecraft:dark_oak_slab":1,"minecraft:iron_ingot":1,"minecraft:iron_block":1}},"DataVersion":2586}