{"stats":{"minecraft:dropped":{"minecraft:iron_block":1},"minecraft:used":{"minecraft:dark_oak_planks":100,"minecraft:dirt":6,"minecraft:sand":12,"minecraft:iron_block":25,"minecraft:stone_shovel":51,"securitycraft:reinforced_magenta_stained_glass":2,"securitycraft:reinforced_purple_stained_glass":1,"minecraft:dark_oak_slab":48,"minecraft:beacon":6},"minecraft:custom":{"minecraft:time_since_rest":17419,"minecraft:play_one_minute":17419,"minecraft:crouch_one_cm":45,"minecraft:sprint_one_cm":961,"minecraft:walk_one_cm":15355,"minecraft:sneak_time":357,"minecraft:walk_under_water_one_cm":1037,"minecraft:drop":1,"minecraft:jump":35,"minecraft:time_since_death":17419,"minecraft:walk_on_water_one_cm":1476,"minecraft:interact_with_beacon":5,"minecraft:fly_one_cm":159002},"minecraft:picked_up":{"minecraft:iron_ingot":1,"minecraft:iron_block":1}},"DataVersion":2586}