{"stats":{"minecraft:dropped":{"minecraft:iron_block":1,"minecraft:dark_oak_slab":1},"minecraft:used":{"minecraft:glass":48,"minecraft:dark_oak_stairs":130,"minecraft:dark_oak_planks":193,"minecraft:dirt":6,"minecraft:sand":12,"minecraft:dark_oak_fence":75,"minecraft:quartz_slab":4,"minecraft:grass_block":243,"minecraft:iron_block":25,"minecraft:stone_shovel":54,"securitycraft:reinforced_magenta_stained_glass":2,"securitycraft:reinforced_purple_stained_glass":54,"minecraft:dark_oak_slab":193,"minecraft:smooth_quartz":8,"minecraft:spruce_log":42,"minecraft:beacon":6,"minecraft:wooden_shovel":22},"minecraft:custom":{"minecraft:time_since_rest":65419,"minecraft:play_one_minute":65419,"minecraft:crouch_one_cm":1453,"minecraft:sprint_one_cm":18334,"minecraft:walk_one_cm":109466,"minecraft:sneak_time":1436,"minecraft:walk_under_water_one_cm":1303,"minecraft:drop":2,"minecraft:jump":231,"minecraft:damage_dealt":20,"minecraft:time_since_death":65419,"minecraft:walk_on_water_one_cm":12831,"minecraft:interact_with_beacon":6,"minecraft:fly_one_cm":267181},"minecraft:picked_up":{"minecraft:dark_oak_slab":1,"minecraft:iron_ingot":1,"minecraft:iron_block":1}},"DataVersion":2586}