{"stats":{"minecraft:killed":{"minecraft:zombie":2},"minecraft:picked_up":{"minecraft:rotten_flesh":2},"minecraft:custom":{"minecraft:jump":19,"minecraft:time_since_rest":1936,"minecraft:damage_dealt":397,"minecraft:play_one_minute":4141,"minecraft:leave_game":1,"minecraft:sprint_one_cm":1946,"minecraft:deaths":2,"minecraft:damage_taken":690,"minecraft:time_since_death":1862,"minecraft:walk_one_cm":6101,"minecraft:mob_kills":2,"minecraft:fly_one_cm":2089},"minecraft:used":{"minecraft:rotten_flesh":2,"minecraft:stone_sword":8},"minecraft:killed_by":{"minecraft:zombie":2}},"DataVersion":2586}